Topic,Readability
Process modeling,difficult
Business process management,difficult
Business workflow analysis,difficult
Business process automation,difficult
Process map,difficult
Six Sigma,difficult
Continual improvement process,difficult
Process optimization,difficult
Business process outsourcing,difficult
Business rule management system,difficult
Business process management,difficult
Enterprise project management,difficult
Change management,difficult
Business process,difficult
Performance indicator,difficult
Service-level agreement,difficult
Agile software development,difficult
Business case,difficult
Information culture,difficult
Outline of business management,difficult
Business relations,difficult
Business analysis,difficult
Customer experience,difficult
Business process modeling,difficult
Fail fast (business),difficult
Standardization,difficult
Innovation,difficult
Risk management,difficult
Workflow,difficult
Business operating system (management),difficult
"Governance, risk management, and compliance",difficult
Business process mapping,difficult
Business process re-engineering,difficult
Benchmarking,difficult
Execution (computing),difficult
Business activity monitoring,difficult
Strategic alignment,difficult
Knowledge management,difficult
Business Process Model and Notation,difficult
Human-centered design,difficult
IT process automation,difficult
Business development,difficult
Culture,difficult
Business communication,difficult
Ownership,difficult
Business model,difficult
Category:Business models,difficult
Wikipedia:Ownership of content,difficult
Category:Business Process Modeling Notation,difficult
Data governance,difficult
Business process orientation,difficult
Business performance management,difficult
Dashboard (business),difficult
Value-stream mapping,difficult
Cross-functional team,difficult
Audit,difficult
Performance indicator,difficult
Robotic process automation,difficult
Business intelligence,difficult
Control chart,difficult
Business,difficult
Adaptive management,difficult
Business analysis,difficult
Performance analysis,difficult
Business architecture,difficult
Project portfolio management,difficult
Process validation,difficult
Business process automation,difficult
Business Process Management Journal,difficult
Process capability,difficult
Business process network,difficult
Digital transformation,difficult
Benchmarking,difficult
Centre for Process Innovation,difficult
Process engineering,difficult
Method engineering,difficult
Network-centric organization,difficult
Training and development,difficult
Enterprise architecture,difficult
Process automation system,difficult
Business Process Framework (eTOM),difficult
Category:Business process management,difficult
Configuration management,difficult
Customer relationship management,difficult
Business process management,difficult
Change management,difficult
Regulatory compliance,difficult
Continuous auditing,difficult
Verification (audit),difficult
Business analytics,difficult
Performance management work,difficult
Process risk,difficult
Continual improvement process,difficult
Procedure (business),difficult
Dynamic business process management,difficult
Statistical benchmarking,difficult
Business process outsourcing,difficult
Innovation management,difficult
Validation (drug manufacture),difficult
Business software,difficult
Process optimization,difficult
Process–architecture–optimization model,difficult
Program optimization,difficult
Organizational culture,difficult
