Topic,Readability
Process modeling,difficult
Business process management,easy
Business workflow analysis,easy
Business process automation,difficult
Process map,easy
Six Sigma,easy
Continual improvement process,difficult
Process optimization,easy
Business process outsourcing,difficult
Business rule management system,difficult
Business process management,easy
Enterprise project management,difficult
Change management,difficult
Business process,difficult
Performance indicator,difficult
Service-level agreement,easy
Agile software development,difficult
Business case,difficult
Information culture,difficult
Outline of business management,difficult
Business relations,difficult
Business analysis,difficult
Customer experience,easy
Business process modeling,difficult
Fail fast (business),difficult
Standardization,easy
Innovation,difficult
Risk management,difficult
Workflow,difficult
Business operating system (management),difficult
"Governance, risk management, and compliance",difficult
Business process mapping,easy
Business process re-engineering,difficult
Benchmarking,difficult
Execution (computing),difficult
Business activity monitoring,difficult
Strategic alignment,difficult
Knowledge management,difficult
Business Process Model and Notation,easy
Human-centered design,difficult
IT process automation,difficult
Business development,difficult
Culture,difficult
Business communication,difficult
Ownership,difficult
Business model,easy
Category:Business models,difficult
Wikipedia:Ownership of content,easy
Category:Business Process Modeling Notation,easy
Data governance,difficult
Business process orientation,easy
Business performance management,difficult
Dashboard (business),easy
Value-stream mapping,easy
Cross-functional team,easy
Audit,difficult
Performance indicator,difficult
Robotic process automation,difficult
Business intelligence,difficult
Control chart,easy
Business,easy
Adaptive management,easy
Business analysis,difficult
Performance analysis,difficult
Business architecture,difficult
Project portfolio management,difficult
Process validation,difficult
Business process automation,difficult
Business Process Management Journal,easy
Process capability,easy
Business process network,difficult
Digital transformation,difficult
Benchmarking,difficult
Centre for Process Innovation,difficult
Process engineering,difficult
Method engineering,easy
Network-centric organization,difficult
Training and development,difficult
Enterprise architecture,difficult
Process automation system,difficult
Business Process Framework (eTOM),easy
Category:Business process management,difficult
Configuration management,difficult
Customer relationship management,easy
Business process management,easy
Change management,difficult
Regulatory compliance,difficult
Continuous auditing,difficult
Verification (audit),difficult
Business analytics,difficult
Performance management work,easy
Process risk,easy
Continual improvement process,difficult
Procedure (business),easy
Dynamic business process management,difficult
Statistical benchmarking,easy
Business process outsourcing,difficult
Innovation management,easy
Validation (drug manufacture),difficult
Business software,easy
Process optimization,easy
Process–architecture–optimization model,easy
Program optimization,easy
Organizational culture,easy
